{"assets/font/Montserrat-Bold.ttf":["assets/font/Montserrat-Bold.ttf"],"assets/font/Montserrat-Medium.ttf":["assets/font/Montserrat-Medium.ttf"],"assets/font/Montserrat-Regular.ttf":["assets/font/Montserrat-Regular.ttf"],"assets/images/bg.png":["assets/images/bg.png"],"assets/images/features-icon-1.png":["assets/images/features-icon-1.png"],"assets/images/hero-1.jpg":["assets/images/hero-1.jpg"],"assets/images/hero-1.png":["assets/images/hero-1.png"],"assets/images/hero-2.png":["assets/images/hero-2.png"],"assets/images/hero-3.png":["assets/images/hero-3.png"],"assets/images/ic_launcher.png":["assets/images/ic_launcher.png"],"assets/images/icon-1.png":["assets/images/icon-1.png"],"assets/images/icon-2.png":["assets/images/icon-2.png"],"assets/images/icon-3.png":["assets/images/icon-3.png"],"assets/images/icon-4.png":["assets/images/icon-4.png"],"assets/images/icon-5.png":["assets/images/icon-5.png"],"assets/images/icon-6.png":["assets/images/icon-6.png"],"assets/images/icon-7.png":["assets/images/icon-7.png"],"assets/images/icon_success.png":["assets/images/icon_success.png"],"assets/images/logo.png":["assets/images/logo.png"],"assets/images/tuc.png":["assets/images/tuc.png"],"packages/cupertino_icons/assets/CupertinoIcons.ttf":["packages/cupertino_icons/assets/CupertinoIcons.ttf"]}